Name	PassengerId	Survived	Pclass	Sex	Age	SibSp	Parch	Fare	Embarked
Braund, Mr. Owen Harris	1	0	3	male	22.0	1	0	7.25	S
Cumings, Mrs. John Bradley (Florence Briggs Thayer)	2	1	1	female	38.0	1	0	71.2833	C
Heikkinen, Miss. Laina	3	1	3	female	26.0	0	0	7.925	S
Futrelle, Mrs. Jacques Heath (Lily May Peel)	4	1	1	female	35.0	1	0	53.1	S
Allen, Mr. William Henry	5	0	3	male	35.0	0	0	8.05	S
Moran, Mr. James	6	0	3	male	29.69911764705882	0	0	8.4583	Q
McCarthy, Mr. Timothy J	7	0	1	male	54.0	0	0	51.8625	S
Palsson, Master. Gosta Leonard	8	0	3	male	2.0	3	1	21.075	S
Johnson, Mrs. Oscar W (Elisabeth Vilhelmina Berg)	9	1	3	female	27.0	0	2	11.1333	S
Nasser, Mrs. Nicholas (Adele Achem)	10	1	2	female	14.0	1	0	30.0708	C
Sandstrom, Miss. Marguerite Rut	11	1	3	female	4.0	1	1	16.7	S
Bonnell, Miss. Elizabeth	12	1	1	female	58.0	0	0	26.55	S
Saundercock, Mr. William Henry	13	0	3	male	20.0	0	0	8.05	S
Andersson, Mr. Anders Johan	14	0	3	male	39.0	1	5	31.275	S
Vestrom, Miss. Hulda Amanda Adolfina	15	0	3	female	14.0	0	0	7.8542	S
Hewlett, Mrs. (Mary D Kingcome) 	16	1	2	female	55.0	0	0	16.0	S
Rice, Master. Eugene	17	0	3	male	2.0	4	1	29.125	Q
Williams, Mr. Charles Eugene	18	1	2	male	29.69911764705882	0	0	13.0	S
Vander Planke, Mrs. Julius (Emelia Maria Vandemoortele)	19	0	3	female	31.0	1	0	18.0	S
Masselmani, Mrs. Fatima	20	1	3	female	29.69911764705882	0	0	7.225	C
Fynney, Mr. Joseph J	21	0	2	male	35.0	0	0	26.0	S
Beesley, Mr. Lawrence	22	1	2	male	34.0	0	0	13.0	S
"McGowan, Miss. Anna ""Annie"""	23	1	3	female	15.0	0	0	8.0292	Q
Sloper, Mr. William Thompson	24	1	1	male	28.0	0	0	35.5	S
Palsson, Miss. Torborg Danira	25	0	3	female	8.0	3	1	21.075	S
Asplund, Mrs. Carl Oscar (Selma Augusta Emilia Johansson)	26	1	3	female	38.0	1	5	31.3875	S
Emir, Mr. Farred Chehab	27	0	3	male	29.69911764705882	0	0	7.225	C
Fortune, Mr. Charles Alexander	28	0	1	male	19.0	3	2	263.0	S
"O'Dwyer, Miss. Ellen ""Nellie"""	29	1	3	female	29.69911764705882	0	0	7.8792	Q
Todoroff, Mr. Lalio	30	0	3	male	29.69911764705882	0	0	7.8958	S
Uruchurtu, Don. Manuel E	31	0	1	male	40.0	0	0	27.7208	C
Spencer, Mrs. William Augustus (Marie Eugenie)	32	1	1	female	29.69911764705882	1	0	146.5208	C
Glynn, Miss. Mary Agatha	33	1	3	female	29.69911764705882	0	0	7.75	Q
Wheadon, Mr. Edward H	34	0	2	male	66.0	0	0	10.5	S
Meyer, Mr. Edgar Joseph	35	0	1	male	28.0	1	0	82.1708	C
Holverson, Mr. Alexander Oskar	36	0	1	male	42.0	1	0	52.0	S
Mamee, Mr. Hanna	37	1	3	male	29.69911764705882	0	0	7.2292	C
Cann, Mr. Ernest Charles	38	0	3	male	21.0	0	0	8.05	S
Vander Planke, Miss. Augusta Maria	39	0	3	female	18.0	2	0	18.0	S
Nicola-Yarred, Miss. Jamila	40	1	3	female	14.0	1	0	11.2417	C
Ahlin, Mrs. Johan (Johanna Persdotter Larsson)	41	0	3	female	40.0	1	0	9.475	S
Turpin, Mrs. William John Robert (Dorothy Ann Wonnacott)	42	0	2	female	27.0	1	0	21.0	S
Kraeff, Mr. Theodor	43	0	3	male	29.69911764705882	0	0	7.8958	C
Laroche, Miss. Simonne Marie Anne Andree	44	1	2	female	3.0	1	2	41.5792	C
Devaney, Miss. Margaret Delia	45	1	3	female	19.0	0	0	7.8792	Q
Rogers, Mr. William John	46	0	3	male	29.69911764705882	0	0	8.05	S
Lennon, Mr. Denis	47	0	3	male	29.69911764705882	1	0	15.5	Q
O'Driscoll, Miss. Bridget	48	1	3	female	29.69911764705882	0	0	7.75	Q
Samaan, Mr. Youssef	49	0	3	male	29.69911764705882	2	0	21.6792	C
Arnold-Franchi, Mrs. Josef (Josefine Franchi)	50	0	3	female	18.0	1	0	17.8	S
Panula, Master. Juha Niilo	51	0	3	male	7.0	4	1	39.6875	S
Nosworthy, Mr. Richard Cater	52	0	3	male	21.0	0	0	7.8	S
Harper, Mrs. Henry Sleeper (Myna Haxtun)	53	1	1	female	49.0	1	0	76.7292	C
Faunthorpe, Mrs. Lizzie (Elizabeth Anne Wilkinson)	54	1	2	female	29.0	1	0	26.0	S
Ostby, Mr. Engelhart Cornelius	55	0	1	male	65.0	0	1	61.9792	C
Woolner, Mr. Hugh	56	1	1	male	29.69911764705882	0	0	35.5	S
Rugg, Miss. Emily	57	1	2	female	21.0	0	0	10.5	S
Novel, Mr. Mansouer	58	0	3	male	28.5	0	0	7.2292	C
West, Miss. Constance Mirium	59	1	2	female	5.0	1	2	27.75	S
Goodwin, Master. William Frederick	60	0	3	male	11.0	5	2	46.9	S
Sirayanian, Mr. Orsen	61	0	3	male	22.0	0	0	7.2292	C
Icard, Miss. Amelie	62	1	1	female	38.0	0	0	80.0	S
Harris, Mr. Henry Birkhardt	63	0	1	male	45.0	1	0	83.475	S
Skoog, Master. Harald	64	0	3	male	4.0	3	2	27.9	S
Stewart, Mr. Albert A	65	0	1	male	29.69911764705882	0	0	27.7208	C
Moubarek, Master. Gerios	66	1	3	male	29.69911764705882	1	1	15.2458	C
Nye, Mrs. (Elizabeth Ramell)	67	1	2	female	29.0	0	0	10.5	S
Crease, Mr. Ernest James	68	0	3	male	19.0	0	0	8.1583	S
Andersson, Miss. Erna Alexandra	69	1	3	female	17.0	4	2	7.925	S
Kink, Mr. Vincenz	70	0	3	male	26.0	2	0	8.6625	S
Jenkin, Mr. Stephen Curnow	71	0	2	male	32.0	0	0	10.5	S
Goodwin, Miss. Lillian Amy	72	0	3	female	16.0	5	2	46.9	S
Hood, Mr. Ambrose Jr	73	0	2	male	21.0	0	0	73.5	S
Chronopoulos, Mr. Apostolos	74	0	3	male	26.0	1	0	14.4542	C
Bing, Mr. Lee	75	1	3	male	32.0	0	0	56.4958	S
Moen, Mr. Sigurd Hansen	76	0	3	male	25.0	0	0	7.65	S
Staneff, Mr. Ivan	77	0	3	male	29.69911764705882	0	0	7.8958	S
Moutal, Mr. Rahamin Haim	78	0	3	male	29.69911764705882	0	0	8.05	S
Caldwell, Master. Alden Gates	79	1	2	male	0.83	0	2	29.0	S
Dowdell, Miss. Elizabeth	80	1	3	female	30.0	0	0	12.475	S
Waelens, Mr. Achille	81	0	3	male	22.0	0	0	9.0	S
Sheerlinck, Mr. Jan Baptist	82	1	3	male	29.0	0	0	9.5	S
McDermott, Miss. Brigdet Delia	83	1	3	female	29.69911764705882	0	0	7.7875	Q
Carrau, Mr. Francisco M	84	0	1	male	28.0	0	0	47.1	S
Ilett, Miss. Bertha	85	1	2	female	17.0	0	0	10.5	S
Backstrom, Mrs. Karl Alfred (Maria Mathilda Gustafsson)	86	1	3	female	33.0	3	0	15.85	S
Ford, Mr. William Neal	87	0	3	male	16.0	1	3	34.375	S
Slocovski, Mr. Selman Francis	88	0	3	male	29.69911764705882	0	0	8.05	S
Fortune, Miss. Mabel Helen	89	1	1	female	23.0	3	2	263.0	S
Celotti, Mr. Francesco	90	0	3	male	24.0	0	0	8.05	S
Christmann, Mr. Emil	91	0	3	male	29.0	0	0	8.05	S
Andreasson, Mr. Paul Edvin	92	0	3	male	20.0	0	0	7.8542	S
Chaffee, Mr. Herbert Fuller	93	0	1	male	46.0	1	0	61.175	S
Dean, Mr. Bertram Frank	94	0	3	male	26.0	1	2	20.575	S
Coxon, Mr. Daniel	95	0	3	male	59.0	0	0	7.25	S
Shorney, Mr. Charles Joseph	96	0	3	male	29.69911764705882	0	0	8.05	S
Goldschmidt, Mr. George B	97	0	1	male	71.0	0	0	34.6542	C
Greenfield, Mr. William Bertram	98	1	1	male	23.0	0	1	63.3583	C
Doling, Mrs. John T (Ada Julia Bone)	99	1	2	female	34.0	0	1	23.0	S
Kantor, Mr. Sinai	100	0	2	male	34.0	1	0	26.0	S
Petranec, Miss. Matilda	101	0	3	female	28.0	0	0	7.8958	S
"Petroff, Mr. Pastcho (""Pentcho"")"	102	0	3	male	29.69911764705882	0	0	7.8958	S
White, Mr. Richard Frasar	103	0	1	male	21.0	0	1	77.2875	S
Johansson, Mr. Gustaf Joel	104	0	3	male	33.0	0	0	8.6542	S
Gustafsson, Mr. Anders Vilhelm	105	0	3	male	37.0	2	0	7.925	S
Mionoff, Mr. Stoytcho	106	0	3	male	28.0	0	0	7.8958	S
Salkjelsvik, Miss. Anna Kristine	107	1	3	female	21.0	0	0	7.65	S
Moss, Mr. Albert Johan	108	1	3	male	29.69911764705882	0	0	7.775	S
Rekic, Mr. Tido	109	0	3	male	38.0	0	0	7.8958	S
Moran, Miss. Bertha	110	1	3	female	29.69911764705882	1	0	24.15	Q
Porter, Mr. Walter Chamberlain	111	0	1	male	47.0	0	0	52.0	S
Zabour, Miss. Hileni	112	0	3	female	14.5	1	0	14.4542	C
Barton, Mr. David John	113	0	3	male	22.0	0	0	8.05	S
Jussila, Miss. Katriina	114	0	3	female	20.0	1	0	9.825	S
Attalah, Miss. Malake	115	0	3	female	17.0	0	0	14.4583	C
Pekoniemi, Mr. Edvard	116	0	3	male	21.0	0	0	7.925	S
Connors, Mr. Patrick	117	0	3	male	70.5	0	0	7.75	Q
Turpin, Mr. William John Robert	118	0	2	male	29.0	1	0	21.0	S
Baxter, Mr. Quigg Edmond	119	0	1	male	24.0	0	1	247.5208	C
Andersson, Miss. Ellis Anna Maria	120	0	3	female	2.0	4	2	31.275	S
Hickman, Mr. Stanley George	121	0	2	male	21.0	2	0	73.5	S
Moore, Mr. Leonard Charles	122	0	3	male	29.69911764705882	0	0	8.05	S
Nasser, Mr. Nicholas	123	0	2	male	32.5	1	0	30.0708	C
Webber, Miss. Susan	124	1	2	female	32.5	0	0	13.0	S
White, Mr. Percival Wayland	125	0	1	male	54.0	0	1	77.2875	S
Nicola-Yarred, Master. Elias	126	1	3	male	12.0	1	0	11.2417	C
McMahon, Mr. Martin	127	0	3	male	29.69911764705882	0	0	7.75	Q
Madsen, Mr. Fridtjof Arne	128	1	3	male	24.0	0	0	7.1417	S
Peter, Miss. Anna	129	1	3	female	29.69911764705882	1	1	22.3583	C
Ekstrom, Mr. Johan	130	0	3	male	45.0	0	0	6.975	S
Drazenoic, Mr. Jozef	131	0	3	male	33.0	0	0	7.8958	C
Coelho, Mr. Domingos Fernandeo	132	0	3	male	20.0	0	0	7.05	S
Robins, Mrs. Alexander A (Grace Charity Laury)	133	0	3	female	47.0	1	0	14.5	S
Weisz, Mrs. Leopold (Mathilde Francoise Pede)	134	1	2	female	29.0	1	0	26.0	S
Sobey, Mr. Samuel James Hayden	135	0	2	male	25.0	0	0	13.0	S
Richard, Mr. Emile	136	0	2	male	23.0	0	0	15.0458	C
Newsom, Miss. Helen Monypeny	137	1	1	female	19.0	0	2	26.2833	S
Futrelle, Mr. Jacques Heath	138	0	1	male	37.0	1	0	53.1	S
Osen, Mr. Olaf Elon	139	0	3	male	16.0	0	0	9.2167	S
Giglio, Mr. Victor	140	0	1	male	24.0	0	0	79.2	C
Boulos, Mrs. Joseph (Sultana)	141	0	3	female	29.69911764705882	0	2	15.2458	C
Nysten, Miss. Anna Sofia	142	1	3	female	22.0	0	0	7.75	S
Hakkarainen, Mrs. Pekka Pietari (Elin Matilda Dolck)	143	1	3	female	24.0	1	0	15.85	S
Burke, Mr. Jeremiah	144	0	3	male	19.0	0	0	6.75	Q
Andrew, Mr. Edgardo Samuel	145	0	2	male	18.0	0	0	11.5	S
Nicholls, Mr. Joseph Charles	146	0	2	male	19.0	1	1	36.75	S
"Andersson, Mr. August Edvard (""Wennerstrom"")"	147	1	3	male	27.0	0	0	7.7958	S
"Ford, Miss. Robina Maggie ""Ruby"""	148	0	3	female	9.0	2	2	34.375	S
"Navratil, Mr. Michel (""Louis M Hoffman"")"	149	0	2	male	36.5	0	2	26.0	S
Byles, Rev. Thomas Roussel Davids	150	0	2	male	42.0	0	0	13.0	S
Bateman, Rev. Robert James	151	0	2	male	51.0	0	0	12.525	S
Pears, Mrs. Thomas (Edith Wearne)	152	1	1	female	22.0	1	0	66.6	S
Meo, Mr. Alfonzo	153	0	3	male	55.5	0	0	8.05	S
van Billiard, Mr. Austin Blyler	154	0	3	male	40.5	0	2	14.5	S
Olsen, Mr. Ole Martin	155	0	3	male	29.69911764705882	0	0	7.3125	S
Williams, Mr. Charles Duane	156	0	1	male	51.0	0	1	61.3792	C
"Gilnagh, Miss. Katherine ""Katie"""	157	1	3	female	16.0	0	0	7.7333	Q
Corn, Mr. Harry	158	0	3	male	30.0	0	0	8.05	S
Smiljanic, Mr. Mile	159	0	3	male	29.69911764705882	0	0	8.6625	S
Sage, Master. Thomas Henry	160	0	3	male	29.69911764705882	8	2	69.55	S
Cribb, Mr. John Hatfield	161	0	3	male	44.0	0	1	16.1	S
"Watt, Mrs. James (Elizabeth ""Bessie"" Inglis Milne)"	162	1	2	female	40.0	0	0	15.75	S
Bengtsson, Mr. John Viktor	163	0	3	male	26.0	0	0	7.775	S
Calic, Mr. Jovo	164	0	3	male	17.0	0	0	8.6625	S
Panula, Master. Eino Viljami	165	0	3	male	1.0	4	1	39.6875	S
"Goldsmith, Master. Frank John William ""Frankie"""	166	1	3	male	9.0	0	2	20.525	S
Chibnall, Mrs. (Edith Martha Bowerman)	167	1	1	female	29.69911764705882	0	1	55.0	S
Skoog, Mrs. William (Anna Bernhardina Karlsson)	168	0	3	female	45.0	1	4	27.9	S
Baumann, Mr. John D	169	0	1	male	29.69911764705882	0	0	25.925	S
Ling, Mr. Lee	170	0	3	male	28.0	0	0	56.4958	S
Van der hoef, Mr. Wyckoff	171	0	1	male	61.0	0	0	33.5	S
Rice, Master. Arthur	172	0	3	male	4.0	4	1	29.125	Q
Johnson, Miss. Eleanor Ileen	173	1	3	female	1.0	1	1	11.1333	S
Sivola, Mr. Antti Wilhelm	174	0	3	male	21.0	0	0	7.925	S
Smith, Mr. James Clinch	175	0	1	male	56.0	0	0	30.6958	C
Klasen, Mr. Klas Albin	176	0	3	male	18.0	1	1	7.8542	S
Lefebre, Master. Henry Forbes	177	0	3	male	29.69911764705882	3	1	25.4667	S
Isham, Miss. Ann Elizabeth	178	0	1	female	50.0	0	0	28.7125	C
Hale, Mr. Reginald	179	0	2	male	30.0	0	0	13.0	S
Leonard, Mr. Lionel	180	0	3	male	36.0	0	0	0.0	S
Sage, Miss. Constance Gladys	181	0	3	female	29.69911764705882	8	2	69.55	S
Pernot, Mr. Rene	182	0	2	male	29.69911764705882	0	0	15.05	C
Asplund, Master. Clarence Gustaf Hugo	183	0	3	male	9.0	4	2	31.3875	S
Becker, Master. Richard F	184	1	2	male	1.0	2	1	39.0	S
Kink-Heilmann, Miss. Luise Gretchen	185	1	3	female	4.0	0	2	22.025	S
Rood, Mr. Hugh Roscoe	186	0	1	male	29.69911764705882	0	0	50.0	S
"O'Brien, Mrs. Thomas (Johanna ""Hannah"" Godfrey)"	187	1	3	female	29.69911764705882	1	0	15.5	Q
"Romaine, Mr. Charles Hallace (""Mr C Rolmane"")"	188	1	1	male	45.0	0	0	26.55	S
Bourke, Mr. John	189	0	3	male	40.0	1	1	15.5	Q
Turcin, Mr. Stjepan	190	0	3	male	36.0	0	0	7.8958	S
Pinsky, Mrs. (Rosa)	191	1	2	female	32.0	0	0	13.0	S
Carbines, Mr. William	192	0	2	male	19.0	0	0	13.0	S
Andersen-Jensen, Miss. Carla Christine Nielsine	193	1	3	female	19.0	1	0	7.8542	S
Navratil, Master. Michel M	194	1	2	male	3.0	1	1	26.0	S
Brown, Mrs. James Joseph (Margaret Tobin)	195	1	1	female	44.0	0	0	27.7208	C
Lurette, Miss. Elise	196	1	1	female	58.0	0	0	146.5208	C
Mernagh, Mr. Robert	197	0	3	male	29.69911764705882	0	0	7.75	Q
Olsen, Mr. Karl Siegwart Andreas	198	0	3	male	42.0	0	1	8.4042	S
"Madigan, Miss. Margaret ""Maggie"""	199	1	3	female	29.69911764705882	0	0	7.75	Q
"Yrois, Miss. Henriette (""Mrs Harbeck"")"	200	0	2	female	24.0	0	0	13.0	S
Vande Walle, Mr. Nestor Cyriel	201	0	3	male	28.0	0	0	9.5	S
Sage, Mr. Frederick	202	0	3	male	29.69911764705882	8	2	69.55	S
Johanson, Mr. Jakob Alfred	203	0	3	male	34.0	0	0	6.4958	S
Youseff, Mr. Gerious	204	0	3	male	45.5	0	0	7.225	C
"Cohen, Mr. Gurshon ""Gus"""	205	1	3	male	18.0	0	0	8.05	S
Strom, Miss. Telma Matilda	206	0	3	female	2.0	0	1	10.4625	S
Backstrom, Mr. Karl Alfred	207	0	3	male	32.0	1	0	15.85	S
Albimona, Mr. Nassef Cassem	208	1	3	male	26.0	0	0	18.7875	C
"Carr, Miss. Helen ""Ellen"""	209	1	3	female	16.0	0	0	7.75	Q
Blank, Mr. Henry	210	1	1	male	40.0	0	0	31.0	C
Ali, Mr. Ahmed	211	0	3	male	24.0	0	0	7.05	S
Cameron, Miss. Clear Annie	212	1	2	female	35.0	0	0	21.0	S
Perkin, Mr. John Henry	213	0	3	male	22.0	0	0	7.25	S
Givard, Mr. Hans Kristensen	214	0	2	male	30.0	0	0	13.0	S
Kiernan, Mr. Philip	215	0	3	male	29.69911764705882	1	0	7.75	Q
Newell, Miss. Madeleine	216	1	1	female	31.0	1	0	113.275	C
Honkanen, Miss. Eliina	217	1	3	female	27.0	0	0	7.925	S
Jacobsohn, Mr. Sidney Samuel	218	0	2	male	42.0	1	0	27.0	S
Bazzani, Miss. Albina	219	1	1	female	32.0	0	0	76.2917	C
Harris, Mr. Walter	220	0	2	male	30.0	0	0	10.5	S
Sunderland, Mr. Victor Francis	221	1	3	male	16.0	0	0	8.05	S
Bracken, Mr. James H	222	0	2	male	27.0	0	0	13.0	S
Green, Mr. George Henry	223	0	3	male	51.0	0	0	8.05	S
Nenkoff, Mr. Christo	224	0	3	male	29.69911764705882	0	0	7.8958	S
Hoyt, Mr. Frederick Maxfield	225	1	1	male	38.0	1	0	90.0	S
Berglund, Mr. Karl Ivar Sven	226	0	3	male	22.0	0	0	9.35	S
Mellors, Mr. William John	227	1	2	male	19.0	0	0	10.5	S
"Lovell, Mr. John Hall (""Henry"")"	228	0	3	male	20.5	0	0	7.25	S
Fahlstrom, Mr. Arne Jonas	229	0	2	male	18.0	0	0	13.0	S
Lefebre, Miss. Mathilde	230	0	3	female	29.69911764705882	3	1	25.4667	S
Harris, Mrs. Henry Birkhardt (Irene Wallach)	231	1	1	female	35.0	1	0	83.475	S
Larsson, Mr. Bengt Edvin	232	0	3	male	29.0	0	0	7.775	S
Sjostedt, Mr. Ernst Adolf	233	0	2	male	59.0	0	0	13.5	S
Asplund, Miss. Lillian Gertrud	234	1	3	female	5.0	4	2	31.3875	S
Leyson, Mr. Robert William Norman	235	0	2	male	24.0	0	0	10.5	S
Harknett, Miss. Alice Phoebe	236	0	3	female	29.69911764705882	0	0	7.55	S
Hold, Mr. Stephen	237	0	2	male	44.0	1	0	26.0	S
"Collyer, Miss. Marjorie ""Lottie"""	238	1	2	female	8.0	0	2	26.25	S
Pengelly, Mr. Frederick William	239	0	2	male	19.0	0	0	10.5	S
Hunt, Mr. George Henry	240	0	2	male	33.0	0	0	12.275	S
Zabour, Miss. Thamine	241	0	3	female	29.69911764705882	1	0	14.4542	C
"Murphy, Miss. Katherine ""Kate"""	242	1	3	female	29.69911764705882	1	0	15.5	Q
Coleridge, Mr. Reginald Charles	243	0	2	male	29.0	0	0	10.5	S
Maenpaa, Mr. Matti Alexanteri	244	0	3	male	22.0	0	0	7.125	S
Attalah, Mr. Sleiman	245	0	3	male	30.0	0	0	7.225	C
Minahan, Dr. William Edward	246	0	1	male	44.0	2	0	90.0	Q
Lindahl, Miss. Agda Thorilda Viktoria	247	0	3	female	25.0	0	0	7.775	S
Hamalainen, Mrs. William (Anna)	248	1	2	female	24.0	0	2	14.5	S
Beckwith, Mr. Richard Leonard	249	1	1	male	37.0	1	1	52.5542	S
Carter, Rev. Ernest Courtenay	250	0	2	male	54.0	1	0	26.0	S
Reed, Mr. James George	251	0	3	male	29.69911764705882	0	0	7.25	S
Strom, Mrs. Wilhelm (Elna Matilda Persson)	252	0	3	female	29.0	1	1	10.4625	S
Stead, Mr. William Thomas	253	0	1	male	62.0	0	0	26.55	S
Lobb, Mr. William Arthur	254	0	3	male	30.0	1	0	16.1	S
Rosblom, Mrs. Viktor (Helena Wilhelmina)	255	0	3	female	41.0	0	2	20.2125	S
Touma, Mrs. Darwis (Hanne Youssef Razi)	256	1	3	female	29.0	0	2	15.2458	C
Thorne, Mrs. Gertrude Maybelle	257	1	1	female	29.69911764705882	0	0	79.2	C
Cherry, Miss. Gladys	258	1	1	female	30.0	0	0	86.5	S
Ward, Miss. Anna	259	1	1	female	35.0	0	0	512.3292	C
Parrish, Mrs. (Lutie Davis)	260	1	2	female	50.0	0	1	26.0	S
Smith, Mr. Thomas	261	0	3	male	29.69911764705882	0	0	7.75	Q
Asplund, Master. Edvin Rojj Felix	262	1	3	male	3.0	4	2	31.3875	S
Taussig, Mr. Emil	263	0	1	male	52.0	1	1	79.65	S
Harrison, Mr. William	264	0	1	male	40.0	0	0	0.0	S
Henry, Miss. Delia	265	0	3	female	29.69911764705882	0	0	7.75	Q
Reeves, Mr. David	266	0	2	male	36.0	0	0	10.5	S
Panula, Mr. Ernesti Arvid	267	0	3	male	16.0	4	1	39.6875	S
Persson, Mr. Ernst Ulrik	268	1	3	male	25.0	1	0	7.775	S
Graham, Mrs. William Thompson (Edith Junkins)	269	1	1	female	58.0	0	1	153.4625	S
Bissette, Miss. Amelia	270	1	1	female	35.0	0	0	135.6333	S
Cairns, Mr. Alexander	271	0	1	male	29.69911764705882	0	0	31.0	S
Tornquist, Mr. William Henry	272	1	3	male	25.0	0	0	0.0	S
Mellinger, Mrs. (Elizabeth Anne Maidment)	273	1	2	female	41.0	0	1	19.5	S
Natsch, Mr. Charles H	274	0	1	male	37.0	0	1	29.7	C
"Healy, Miss. Hanora ""Nora"""	275	1	3	female	29.69911764705882	0	0	7.75	Q
Andrews, Miss. Kornelia Theodosia	276	1	1	female	63.0	1	0	77.9583	S
Lindblom, Miss. Augusta Charlotta	277	0	3	female	45.0	0	0	7.75	S
"Parkes, Mr. Francis ""Frank"""	278	0	2	male	29.69911764705882	0	0	0.0	S
Rice, Master. Eric	279	0	3	male	7.0	4	1	29.125	Q
Abbott, Mrs. Stanton (Rosa Hunt)	280	1	3	female	35.0	1	1	20.25	S
Duane, Mr. Frank	281	0	3	male	65.0	0	0	7.75	Q
Olsson, Mr. Nils Johan Goransson	282	0	3	male	28.0	0	0	7.8542	S
de Pelsmaeker, Mr. Alfons	283	0	3	male	16.0	0	0	9.5	S
Dorking, Mr. Edward Arthur	284	1	3	male	19.0	0	0	8.05	S
Smith, Mr. Richard William	285	0	1	male	29.69911764705882	0	0	26.0	S
Stankovic, Mr. Ivan	286	0	3	male	33.0	0	0	8.6625	C
de Mulder, Mr. Theodore	287	1	3	male	30.0	0	0	9.5	S
Naidenoff, Mr. Penko	288	0	3	male	22.0	0	0	7.8958	S
Hosono, Mr. Masabumi	289	1	2	male	42.0	0	0	13.0	S
Connolly, Miss. Kate	290	1	3	female	22.0	0	0	7.75	Q
"Barber, Miss. Ellen ""Nellie"""	291	1	1	female	26.0	0	0	78.85	S
Bishop, Mrs. Dickinson H (Helen Walton)	292	1	1	female	19.0	1	0	91.0792	C
Levy, Mr. Rene Jacques	293	0	2	male	36.0	0	0	12.875	C
Haas, Miss. Aloisia	294	0	3	female	24.0	0	0	8.85	S
Mineff, Mr. Ivan	295	0	3	male	24.0	0	0	7.8958	S
Lewy, Mr. Ervin G	296	0	1	male	29.69911764705882	0	0	27.7208	C
Hanna, Mr. Mansour	297	0	3	male	23.5	0	0	7.2292	C
Allison, Miss. Helen Loraine	298	0	1	female	2.0	1	2	151.55	S
Saalfeld, Mr. Adolphe	299	1	1	male	29.69911764705882	0	0	30.5	S
Baxter, Mrs. James (Helene DeLaudeniere Chaput)	300	1	1	female	50.0	0	1	247.5208	C
"Kelly, Miss. Anna Katherine ""Annie Kate"""	301	1	3	female	29.69911764705882	0	0	7.75	Q
McCoy, Mr. Bernard	302	1	3	male	29.69911764705882	2	0	23.25	Q
Johnson, Mr. William Cahoone Jr	303	0	3	male	19.0	0	0	0.0	S
Keane, Miss. Nora A	304	1	2	female	29.69911764705882	0	0	12.35	Q
"Williams, Mr. Howard Hugh ""Harry"""	305	0	3	male	29.69911764705882	0	0	8.05	S
Allison, Master. Hudson Trevor	306	1	1	male	0.92	1	2	151.55	S
Fleming, Miss. Margaret	307	1	1	female	29.69911764705882	0	0	110.8833	C
Penasco y Castellana, Mrs. Victor de Satode (Maria Josefa Perez de Soto y Vallejo)	308	1	1	female	17.0	1	0	108.9	C
Abelson, Mr. Samuel	309	0	2	male	30.0	1	0	24.0	C
Francatelli, Miss. Laura Mabel	310	1	1	female	30.0	0	0	56.9292	C
Hays, Miss. Margaret Bechstein	311	1	1	female	24.0	0	0	83.1583	C
Ryerson, Miss. Emily Borie	312	1	1	female	18.0	2	2	262.375	C
Lahtinen, Mrs. William (Anna Sylfven)	313	0	2	female	26.0	1	1	26.0	S
Hendekovic, Mr. Ignjac	314	0	3	male	28.0	0	0	7.8958	S
Hart, Mr. Benjamin	315	0	2	male	43.0	1	1	26.25	S
Nilsson, Miss. Helmina Josefina	316	1	3	female	26.0	0	0	7.8542	S
Kantor, Mrs. Sinai (Miriam Sternin)	317	1	2	female	24.0	1	0	26.0	S
Moraweck, Dr. Ernest	318	0	2	male	54.0	0	0	14.0	S
Wick, Miss. Mary Natalie	319	1	1	female	31.0	0	2	164.8667	S
Spedden, Mrs. Frederic Oakley (Margaretta Corning Stone)	320	1	1	female	40.0	1	1	134.5	C
Dennis, Mr. Samuel	321	0	3	male	22.0	0	0	7.25	S
Danoff, Mr. Yoto	322	0	3	male	27.0	0	0	7.8958	S
Slayter, Miss. Hilda Mary	323	1	2	female	30.0	0	0	12.35	Q
Caldwell, Mrs. Albert Francis (Sylvia Mae Harbaugh)	324	1	2	female	22.0	1	1	29.0	S
Sage, Mr. George John Jr	325	0	3	male	29.69911764705882	8	2	69.55	S
Young, Miss. Marie Grice	326	1	1	female	36.0	0	0	135.6333	C
Nysveen, Mr. Johan Hansen	327	0	3	male	61.0	0	0	6.2375	S
Ball, Mrs. (Ada E Hall)	328	1	2	female	36.0	0	0	13.0	S
Goldsmith, Mrs. Frank John (Emily Alice Brown)	329	1	3	female	31.0	1	1	20.525	S
Hippach, Miss. Jean Gertrude	330	1	1	female	16.0	0	1	57.9792	C
McCoy, Miss. Agnes	331	1	3	female	29.69911764705882	2	0	23.25	Q
Partner, Mr. Austen	332	0	1	male	45.5	0	0	28.5	S
Graham, Mr. George Edward	333	0	1	male	38.0	0	1	153.4625	S
Vander Planke, Mr. Leo Edmondus	334	0	3	male	16.0	2	0	18.0	S
Frauenthal, Mrs. Henry William (Clara Heinsheimer)	335	1	1	female	29.69911764705882	1	0	133.65	S
Denkoff, Mr. Mitto	336	0	3	male	29.69911764705882	0	0	7.8958	S
Pears, Mr. Thomas Clinton	337	0	1	male	29.0	1	0	66.6	S
Burns, Miss. Elizabeth Margaret	338	1	1	female	41.0	0	0	134.5	C
Dahl, Mr. Karl Edwart	339	1	3	male	45.0	0	0	8.05	S
Blackwell, Mr. Stephen Weart	340	0	1	male	45.0	0	0	35.5	S
Navratil, Master. Edmond Roger	341	1	2	male	2.0	1	1	26.0	S
Fortune, Miss. Alice Elizabeth	342	1	1	female	24.0	3	2	263.0	S
Collander, Mr. Erik Gustaf	343	0	2	male	28.0	0	0	13.0	S
Sedgwick, Mr. Charles Frederick Waddington	344	0	2	male	25.0	0	0	13.0	S
Fox, Mr. Stanley Hubert	345	0	2	male	36.0	0	0	13.0	S
"Brown, Miss. Amelia ""Mildred"""	346	1	2	female	24.0	0	0	13.0	S
Smith, Miss. Marion Elsie	347	1	2	female	40.0	0	0	13.0	S
Davison, Mrs. Thomas Henry (Mary E Finck)	348	1	3	female	29.69911764705882	1	0	16.1	S
"Coutts, Master. William Loch ""William"""	349	1	3	male	3.0	1	1	15.9	S
Dimic, Mr. Jovan	350	0	3	male	42.0	0	0	8.6625	S
Odahl, Mr. Nils Martin	351	0	3	male	23.0	0	0	9.225	S
Williams-Lambert, Mr. Fletcher Fellows	352	0	1	male	29.69911764705882	0	0	35.0	S
Elias, Mr. Tannous	353	0	3	male	15.0	1	1	7.2292	C
Arnold-Franchi, Mr. Josef	354	0	3	male	25.0	1	0	17.8	S
Yousif, Mr. Wazli	355	0	3	male	29.69911764705882	0	0	7.225	C
Vanden Steen, Mr. Leo Peter	356	0	3	male	28.0	0	0	9.5	S
Bowerman, Miss. Elsie Edith	357	1	1	female	22.0	0	1	55.0	S
Funk, Miss. Annie Clemmer	358	0	2	female	38.0	0	0	13.0	S
McGovern, Miss. Mary	359	1	3	female	29.69911764705882	0	0	7.8792	Q
"Mockler, Miss. Helen Mary ""Ellie"""	360	1	3	female	29.69911764705882	0	0	7.8792	Q
Skoog, Mr. Wilhelm	361	0	3	male	40.0	1	4	27.9	S
del Carlo, Mr. Sebastiano	362	0	2	male	29.0	1	0	27.7208	C
Barbara, Mrs. (Catherine David)	363	0	3	female	45.0	0	1	14.4542	C
Asim, Mr. Adola	364	0	3	male	35.0	0	0	7.05	S
O'Brien, Mr. Thomas	365	0	3	male	29.69911764705882	1	0	15.5	Q
Adahl, Mr. Mauritz Nils Martin	366	0	3	male	30.0	0	0	7.25	S
Warren, Mrs. Frank Manley (Anna Sophia Atkinson)	367	1	1	female	60.0	1	0	75.25	C
Moussa, Mrs. (Mantoura Boulos)	368	1	3	female	29.69911764705882	0	0	7.2292	C
Jermyn, Miss. Annie	369	1	3	female	29.69911764705882	0	0	7.75	Q
Aubart, Mme. Leontine Pauline	370	1	1	female	24.0	0	0	69.3	C
Harder, Mr. George Achilles	371	1	1	male	25.0	1	0	55.4417	C
Wiklund, Mr. Jakob Alfred	372	0	3	male	18.0	1	0	6.4958	S
Beavan, Mr. William Thomas	373	0	3	male	19.0	0	0	8.05	S
Ringhini, Mr. Sante	374	0	1	male	22.0	0	0	135.6333	C
Palsson, Miss. Stina Viola	375	0	3	female	3.0	3	1	21.075	S
Meyer, Mrs. Edgar Joseph (Leila Saks)	376	1	1	female	29.69911764705882	1	0	82.1708	C
Landergren, Miss. Aurora Adelia	377	1	3	female	22.0	0	0	7.25	S
Widener, Mr. Harry Elkins	378	0	1	male	27.0	0	2	211.5	C
Betros, Mr. Tannous	379	0	3	male	20.0	0	0	4.0125	C
Gustafsson, Mr. Karl Gideon	380	0	3	male	19.0	0	0	7.775	S
Bidois, Miss. Rosalie	381	1	1	female	42.0	0	0	227.525	C
"Nakid, Miss. Maria (""Mary"")"	382	1	3	female	1.0	0	2	15.7417	C
Tikkanen, Mr. Juho	383	0	3	male	32.0	0	0	7.925	S
Holverson, Mrs. Alexander Oskar (Mary Aline Towner)	384	1	1	female	35.0	1	0	52.0	S
Plotcharsky, Mr. Vasil	385	0	3	male	29.69911764705882	0	0	7.8958	S
Davies, Mr. Charles Henry	386	0	2	male	18.0	0	0	73.5	S
Goodwin, Master. Sidney Leonard	387	0	3	male	1.0	5	2	46.9	S
Buss, Miss. Kate	388	1	2	female	36.0	0	0	13.0	S
Sadlier, Mr. Matthew	389	0	3	male	29.69911764705882	0	0	7.7292	Q
Lehmann, Miss. Bertha	390	1	2	female	17.0	0	0	12.0	C
Carter, Mr. William Ernest	391	1	1	male	36.0	1	2	120.0	S
Jansson, Mr. Carl Olof	392	1	3	male	21.0	0	0	7.7958	S
Gustafsson, Mr. Johan Birger	393	0	3	male	28.0	2	0	7.925	S
Newell, Miss. Marjorie	394	1	1	female	23.0	1	0	113.275	C
Sandstrom, Mrs. Hjalmar (Agnes Charlotta Bengtsson)	395	1	3	female	24.0	0	2	16.7	S
Johansson, Mr. Erik	396	0	3	male	22.0	0	0	7.7958	S
Olsson, Miss. Elina	397	0	3	female	31.0	0	0	7.8542	S
McKane, Mr. Peter David	398	0	2	male	46.0	0	0	26.0	S
Pain, Dr. Alfred	399	0	2	male	23.0	0	0	10.5	S
Trout, Mrs. William H (Jessie L)	400	1	2	female	28.0	0	0	12.65	S
Niskanen, Mr. Juha	401	1	3	male	39.0	0	0	7.925	S
Adams, Mr. John	402	0	3	male	26.0	0	0	8.05	S
Jussila, Miss. Mari Aina	403	0	3	female	21.0	1	0	9.825	S
Hakkarainen, Mr. Pekka Pietari	404	0	3	male	28.0	1	0	15.85	S
Oreskovic, Miss. Marija	405	0	3	female	20.0	0	0	8.6625	S
Gale, Mr. Shadrach	406	0	2	male	34.0	1	0	21.0	S
Widegren, Mr. Carl/Charles Peter	407	0	3	male	51.0	0	0	7.75	S
Richards, Master. William Rowe	408	1	2	male	3.0	1	1	18.75	S
Birkeland, Mr. Hans Martin Monsen	409	0	3	male	21.0	0	0	7.775	S
Lefebre, Miss. Ida	410	0	3	female	29.69911764705882	3	1	25.4667	S
Sdycoff, Mr. Todor	411	0	3	male	29.69911764705882	0	0	7.8958	S
Hart, Mr. Henry	412	0	3	male	29.69911764705882	0	0	6.8583	Q
Minahan, Miss. Daisy E	413	1	1	female	33.0	1	0	90.0	Q
Cunningham, Mr. Alfred Fleming	414	0	2	male	29.69911764705882	0	0	0.0	S
Sundman, Mr. Johan Julian	415	1	3	male	44.0	0	0	7.925	S
Meek, Mrs. Thomas (Annie Louise Rowley)	416	0	3	female	29.69911764705882	0	0	8.05	S
Drew, Mrs. James Vivian (Lulu Thorne Christian)	417	1	2	female	34.0	1	1	32.5	S
Silven, Miss. Lyyli Karoliina	418	1	2	female	18.0	0	2	13.0	S
Matthews, Mr. William John	419	0	2	male	30.0	0	0	13.0	S
Van Impe, Miss. Catharina	420	0	3	female	10.0	0	2	24.15	S
Gheorgheff, Mr. Stanio	421	0	3	male	29.69911764705882	0	0	7.8958	C
Charters, Mr. David	422	0	3	male	21.0	0	0	7.7333	Q
Zimmerman, Mr. Leo	423	0	3	male	29.0	0	0	7.875	S
Danbom, Mrs. Ernst Gilbert (Anna Sigrid Maria Brogren)	424	0	3	female	28.0	1	1	14.4	S
Rosblom, Mr. Viktor Richard	425	0	3	male	18.0	1	1	20.2125	S
Wiseman, Mr. Phillippe	426	0	3	male	29.69911764705882	0	0	7.25	S
Clarke, Mrs. Charles V (Ada Maria Winfield)	427	1	2	female	28.0	1	0	26.0	S
"Phillips, Miss. Kate Florence (""Mrs Kate Louise Phillips Marshall"")"	428	1	2	female	19.0	0	0	26.0	S
Flynn, Mr. James	429	0	3	male	29.69911764705882	0	0	7.75	Q
Pickard, Mr. Berk (Berk Trembisky)	430	1	3	male	32.0	0	0	8.05	S
Bjornstrom-Steffansson, Mr. Mauritz Hakan	431	1	1	male	28.0	0	0	26.55	S
Thorneycroft, Mrs. Percival (Florence Kate White)	432	1	3	female	29.69911764705882	1	0	16.1	S
Louch, Mrs. Charles Alexander (Alice Adelaide Slow)	433	1	2	female	42.0	1	0	26.0	S
Kallio, Mr. Nikolai Erland	434	0	3	male	17.0	0	0	7.125	S
Silvey, Mr. William Baird	435	0	1	male	50.0	1	0	55.9	S
Carter, Miss. Lucile Polk	436	1	1	female	14.0	1	2	120.0	S
"Ford, Miss. Doolina Margaret ""Daisy"""	437	0	3	female	21.0	2	2	34.375	S
Richards, Mrs. Sidney (Emily Hocking)	438	1	2	female	24.0	2	3	18.75	S
Fortune, Mr. Mark	439	0	1	male	64.0	1	4	263.0	S
Kvillner, Mr. Johan Henrik Johannesson	440	0	2	male	31.0	0	0	10.5	S
Hart, Mrs. Benjamin (Esther Ada Bloomfield)	441	1	2	female	45.0	1	1	26.25	S
Hampe, Mr. Leon	442	0	3	male	20.0	0	0	9.5	S
Petterson, Mr. Johan Emil	443	0	3	male	25.0	1	0	7.775	S
Reynaldo, Ms. Encarnacion	444	1	2	female	28.0	0	0	13.0	S
Johannesen-Bratthammer, Mr. Bernt	445	1	3	male	29.69911764705882	0	0	8.1125	S
Dodge, Master. Washington	446	1	1	male	4.0	0	2	81.8583	S
Mellinger, Miss. Madeleine Violet	447	1	2	female	13.0	0	1	19.5	S
Seward, Mr. Frederic Kimber	448	1	1	male	34.0	0	0	26.55	S
Baclini, Miss. Marie Catherine	449	1	3	female	5.0	2	1	19.2583	C
Peuchen, Major. Arthur Godfrey	450	1	1	male	52.0	0	0	30.5	S
West, Mr. Edwy Arthur	451	0	2	male	36.0	1	2	27.75	S
Hagland, Mr. Ingvald Olai Olsen	452	0	3	male	29.69911764705882	1	0	19.9667	S
Foreman, Mr. Benjamin Laventall	453	0	1	male	30.0	0	0	27.75	C
Goldenberg, Mr. Samuel L	454	1	1	male	49.0	1	0	89.1042	C
Peduzzi, Mr. Joseph	455	0	3	male	29.69911764705882	0	0	8.05	S
Jalsevac, Mr. Ivan	456	1	3	male	29.0	0	0	7.8958	C
Millet, Mr. Francis Davis	457	0	1	male	65.0	0	0	26.55	S
Kenyon, Mrs. Frederick R (Marion)	458	1	1	female	29.69911764705882	1	0	51.8625	S
Toomey, Miss. Ellen	459	1	2	female	50.0	0	0	10.5	S
O'Connor, Mr. Maurice	460	0	3	male	29.69911764705882	0	0	7.75	Q
Anderson, Mr. Harry	461	1	1	male	48.0	0	0	26.55	S
Morley, Mr. William	462	0	3	male	34.0	0	0	8.05	S
Gee, Mr. Arthur H	463	0	1	male	47.0	0	0	38.5	S
Milling, Mr. Jacob Christian	464	0	2	male	48.0	0	0	13.0	S
Maisner, Mr. Simon	465	0	3	male	29.69911764705882	0	0	8.05	S
Goncalves, Mr. Manuel Estanslas	466	0	3	male	38.0	0	0	7.05	S
Campbell, Mr. William	467	0	2	male	29.69911764705882	0	0	0.0	S
Smart, Mr. John Montgomery	468	0	1	male	56.0	0	0	26.55	S
Scanlan, Mr. James	469	0	3	male	29.69911764705882	0	0	7.725	Q
Baclini, Miss. Helene Barbara	470	1	3	female	0.75	2	1	19.2583	C
Keefe, Mr. Arthur	471	0	3	male	29.69911764705882	0	0	7.25	S
Cacic, Mr. Luka	472	0	3	male	38.0	0	0	8.6625	S
West, Mrs. Edwy Arthur (Ada Mary Worth)	473	1	2	female	33.0	1	2	27.75	S
Jerwan, Mrs. Amin S (Marie Marthe Thuillard)	474	1	2	female	23.0	0	0	13.7917	C
Strandberg, Miss. Ida Sofia	475	0	3	female	22.0	0	0	9.8375	S
Clifford, Mr. George Quincy	476	0	1	male	29.69911764705882	0	0	52.0	S
Renouf, Mr. Peter Henry	477	0	2	male	34.0	1	0	21.0	S
Braund, Mr. Lewis Richard	478	0	3	male	29.0	1	0	7.0458	S
Karlsson, Mr. Nils August	479	0	3	male	22.0	0	0	7.5208	S
Hirvonen, Miss. Hildur E	480	1	3	female	2.0	0	1	12.2875	S
Goodwin, Master. Harold Victor	481	0	3	male	9.0	5	2	46.9	S
"Frost, Mr. Anthony Wood ""Archie"""	482	0	2	male	29.69911764705882	0	0	0.0	S
Rouse, Mr. Richard Henry	483	0	3	male	50.0	0	0	8.05	S
Turkula, Mrs. (Hedwig)	484	1	3	female	63.0	0	0	9.5875	S
Bishop, Mr. Dickinson H	485	1	1	male	25.0	1	0	91.0792	C
Lefebre, Miss. Jeannie	486	0	3	female	29.69911764705882	3	1	25.4667	S
Hoyt, Mrs. Frederick Maxfield (Jane Anne Forby)	487	1	1	female	35.0	1	0	90.0	S
Kent, Mr. Edward Austin	488	0	1	male	58.0	0	0	29.7	C
Somerton, Mr. Francis William	489	0	3	male	30.0	0	0	8.05	S
"Coutts, Master. Eden Leslie ""Neville"""	490	1	3	male	9.0	1	1	15.9	S
Hagland, Mr. Konrad Mathias Reiersen	491	0	3	male	29.69911764705882	1	0	19.9667	S
Windelov, Mr. Einar	492	0	3	male	21.0	0	0	7.25	S
Molson, Mr. Harry Markland	493	0	1	male	55.0	0	0	30.5	S
Artagaveytia, Mr. Ramon	494	0	1	male	71.0	0	0	49.5042	C
Stanley, Mr. Edward Roland	495	0	3	male	21.0	0	0	8.05	S
Yousseff, Mr. Gerious	496	0	3	male	29.69911764705882	0	0	14.4583	C
Eustis, Miss. Elizabeth Mussey	497	1	1	female	54.0	1	0	78.2667	C
Shellard, Mr. Frederick William	498	0	3	male	29.69911764705882	0	0	15.1	S
Allison, Mrs. Hudson J C (Bessie Waldo Daniels)	499	0	1	female	25.0	1	2	151.55	S
Svensson, Mr. Olof	500	0	3	male	24.0	0	0	7.7958	S
Calic, Mr. Petar	501	0	3	male	17.0	0	0	8.6625	S
Canavan, Miss. Mary	502	0	3	female	21.0	0	0	7.75	Q
O'Sullivan, Miss. Bridget Mary	503	0	3	female	29.69911764705882	0	0	7.6292	Q
Laitinen, Miss. Kristina Sofia	504	0	3	female	37.0	0	0	9.5875	S
Maioni, Miss. Roberta	505	1	1	female	16.0	0	0	86.5	S
Penasco y Castellana, Mr. Victor de Satode	506	0	1	male	18.0	1	0	108.9	C
Quick, Mrs. Frederick Charles (Jane Richards)	507	1	2	female	33.0	0	2	26.0	S
"Bradley, Mr. George (""George Arthur Brayton"")"	508	1	1	male	29.69911764705882	0	0	26.55	S
Olsen, Mr. Henry Margido	509	0	3	male	28.0	0	0	22.525	S
Lang, Mr. Fang	510	1	3	male	26.0	0	0	56.4958	S
Daly, Mr. Eugene Patrick	511	1	3	male	29.0	0	0	7.75	Q
Webber, Mr. James	512	0	3	male	29.69911764705882	0	0	8.05	S
McGough, Mr. James Robert	513	1	1	male	36.0	0	0	26.2875	S
Rothschild, Mrs. Martin (Elizabeth L. Barrett)	514	1	1	female	54.0	1	0	59.4	C
Coleff, Mr. Satio	515	0	3	male	24.0	0	0	7.4958	S
Walker, Mr. William Anderson	516	0	1	male	47.0	0	0	34.0208	S
Lemore, Mrs. (Amelia Milley)	517	1	2	female	34.0	0	0	10.5	S
Ryan, Mr. Patrick	518	0	3	male	29.69911764705882	0	0	24.15	Q
"Angle, Mrs. William A (Florence ""Mary"" Agnes Hughes)"	519	1	2	female	36.0	1	0	26.0	S
Pavlovic, Mr. Stefo	520	0	3	male	32.0	0	0	7.8958	S
Perreault, Miss. Anne	521	1	1	female	30.0	0	0	93.5	S
Vovk, Mr. Janko	522	0	3	male	22.0	0	0	7.8958	S
Lahoud, Mr. Sarkis	523	0	3	male	29.69911764705882	0	0	7.225	C
Hippach, Mrs. Louis Albert (Ida Sophia Fischer)	524	1	1	female	44.0	0	1	57.9792	C
Kassem, Mr. Fared	525	0	3	male	29.69911764705882	0	0	7.2292	C
Farrell, Mr. James	526	0	3	male	40.5	0	0	7.75	Q
Ridsdale, Miss. Lucy	527	1	2	female	50.0	0	0	10.5	S
Farthing, Mr. John	528	0	1	male	29.69911764705882	0	0	221.7792	S
Salonen, Mr. Johan Werner	529	0	3	male	39.0	0	0	7.925	S
Hocking, Mr. Richard George	530	0	2	male	23.0	2	1	11.5	S
Quick, Miss. Phyllis May	531	1	2	female	2.0	1	1	26.0	S
Toufik, Mr. Nakli	532	0	3	male	29.69911764705882	0	0	7.2292	C
Elias, Mr. Joseph Jr	533	0	3	male	17.0	1	1	7.2292	C
Peter, Mrs. Catherine (Catherine Rizk)	534	1	3	female	29.69911764705882	0	2	22.3583	C
Cacic, Miss. Marija	535	0	3	female	30.0	0	0	8.6625	S
Hart, Miss. Eva Miriam	536	1	2	female	7.0	0	2	26.25	S
Butt, Major. Archibald Willingham	537	0	1	male	45.0	0	0	26.55	S
LeRoy, Miss. Bertha	538	1	1	female	30.0	0	0	106.425	C
Risien, Mr. Samuel Beard	539	0	3	male	29.69911764705882	0	0	14.5	S
Frolicher, Miss. Hedwig Margaritha	540	1	1	female	22.0	0	2	49.5	C
Crosby, Miss. Harriet R	541	1	1	female	36.0	0	2	71.0	S
Andersson, Miss. Ingeborg Constanzia	542	0	3	female	9.0	4	2	31.275	S
Andersson, Miss. Sigrid Elisabeth	543	0	3	female	11.0	4	2	31.275	S
Beane, Mr. Edward	544	1	2	male	32.0	1	0	26.0	S
Douglas, Mr. Walter Donald	545	0	1	male	50.0	1	0	106.425	C
Nicholson, Mr. Arthur Ernest	546	0	1	male	64.0	0	0	26.0	S
Beane, Mrs. Edward (Ethel Clarke)	547	1	2	female	19.0	1	0	26.0	S
Padro y Manent, Mr. Julian	548	1	2	male	29.69911764705882	0	0	13.8625	C
Goldsmith, Mr. Frank John	549	0	3	male	33.0	1	1	20.525	S
Davies, Master. John Morgan Jr	550	1	2	male	8.0	1	1	36.75	S
Thayer, Mr. John Borland Jr	551	1	1	male	17.0	0	2	110.8833	C
Sharp, Mr. Percival James R	552	0	2	male	27.0	0	0	26.0	S
O'Brien, Mr. Timothy	553	0	3	male	29.69911764705882	0	0	7.8292	Q
"Leeni, Mr. Fahim (""Philip Zenni"")"	554	1	3	male	22.0	0	0	7.225	C
Ohman, Miss. Velin	555	1	3	female	22.0	0	0	7.775	S
Wright, Mr. George	556	0	1	male	62.0	0	0	26.55	S
"Duff Gordon, Lady. (Lucille Christiana Sutherland) (""Mrs Morgan"")"	557	1	1	female	48.0	1	0	39.6	C
Robbins, Mr. Victor	558	0	1	male	29.69911764705882	0	0	227.525	C
Taussig, Mrs. Emil (Tillie Mandelbaum)	559	1	1	female	39.0	1	1	79.65	S
de Messemaeker, Mrs. Guillaume Joseph (Emma)	560	1	3	female	36.0	1	0	17.4	S
Morrow, Mr. Thomas Rowan	561	0	3	male	29.69911764705882	0	0	7.75	Q
Sivic, Mr. Husein	562	0	3	male	40.0	0	0	7.8958	S
Norman, Mr. Robert Douglas	563	0	2	male	28.0	0	0	13.5	S
Simmons, Mr. John	564	0	3	male	29.69911764705882	0	0	8.05	S
Meanwell, Miss. (Marion Ogden)	565	0	3	female	29.69911764705882	0	0	8.05	S
Davies, Mr. Alfred J	566	0	3	male	24.0	2	0	24.15	S
Stoytcheff, Mr. Ilia	567	0	3	male	19.0	0	0	7.8958	S
Palsson, Mrs. Nils (Alma Cornelia Berglund)	568	0	3	female	29.0	0	4	21.075	S
Doharr, Mr. Tannous	569	0	3	male	29.69911764705882	0	0	7.2292	C
Jonsson, Mr. Carl	570	1	3	male	32.0	0	0	7.8542	S
Harris, Mr. George	571	1	2	male	62.0	0	0	10.5	S
Appleton, Mrs. Edward Dale (Charlotte Lamson)	572	1	1	female	53.0	2	0	51.4792	S
"Flynn, Mr. John Irwin (""Irving"")"	573	1	1	male	36.0	0	0	26.3875	S
Kelly, Miss. Mary	574	1	3	female	29.69911764705882	0	0	7.75	Q
Rush, Mr. Alfred George John	575	0	3	male	16.0	0	0	8.05	S
Patchett, Mr. George	576	0	3	male	19.0	0	0	14.5	S
Garside, Miss. Ethel	577	1	2	female	34.0	0	0	13.0	S
Silvey, Mrs. William Baird (Alice Munger)	578	1	1	female	39.0	1	0	55.9	S
Caram, Mrs. Joseph (Maria Elias)	579	0	3	female	29.69911764705882	1	0	14.4583	C
Jussila, Mr. Eiriik	580	1	3	male	32.0	0	0	7.925	S
Christy, Miss. Julie Rachel	581	1	2	female	25.0	1	1	30.0	S
Thayer, Mrs. John Borland (Marian Longstreth Morris)	582	1	1	female	39.0	1	1	110.8833	C
Downton, Mr. William James	583	0	2	male	54.0	0	0	26.0	S
Ross, Mr. John Hugo	584	0	1	male	36.0	0	0	40.125	C
Paulner, Mr. Uscher	585	0	3	male	29.69911764705882	0	0	8.7125	C
Taussig, Miss. Ruth	586	1	1	female	18.0	0	2	79.65	S
Jarvis, Mr. John Denzil	587	0	2	male	47.0	0	0	15.0	S
Frolicher-Stehli, Mr. Maxmillian	588	1	1	male	60.0	1	1	79.2	C
Gilinski, Mr. Eliezer	589	0	3	male	22.0	0	0	8.05	S
Murdlin, Mr. Joseph	590	0	3	male	29.69911764705882	0	0	8.05	S
Rintamaki, Mr. Matti	591	0	3	male	35.0	0	0	7.125	S
Stephenson, Mrs. Walter Bertram (Martha Eustis)	592	1	1	female	52.0	1	0	78.2667	C
Elsbury, Mr. William James	593	0	3	male	47.0	0	0	7.25	S
Bourke, Miss. Mary	594	0	3	female	29.69911764705882	0	2	7.75	Q
Chapman, Mr. John Henry	595	0	2	male	37.0	1	0	26.0	S
Van Impe, Mr. Jean Baptiste	596	0	3	male	36.0	1	1	24.15	S
Leitch, Miss. Jessie Wills	597	1	2	female	29.69911764705882	0	0	33.0	S
Johnson, Mr. Alfred	598	0	3	male	49.0	0	0	0.0	S
Boulos, Mr. Hanna	599	0	3	male	29.69911764705882	0	0	7.225	C
"Duff Gordon, Sir. Cosmo Edmund (""Mr Morgan"")"	600	1	1	male	49.0	1	0	56.9292	C
Jacobsohn, Mrs. Sidney Samuel (Amy Frances Christy)	601	1	2	female	24.0	2	1	27.0	S
Slabenoff, Mr. Petco	602	0	3	male	29.69911764705882	0	0	7.8958	S
Harrington, Mr. Charles H	603	0	1	male	29.69911764705882	0	0	42.4	S
Torber, Mr. Ernst William	604	0	3	male	44.0	0	0	8.05	S
"Homer, Mr. Harry (""Mr E Haven"")"	605	1	1	male	35.0	0	0	26.55	C
Lindell, Mr. Edvard Bengtsson	606	0	3	male	36.0	1	0	15.55	S
Karaic, Mr. Milan	607	0	3	male	30.0	0	0	7.8958	S
Daniel, Mr. Robert Williams	608	1	1	male	27.0	0	0	30.5	S
Laroche, Mrs. Joseph (Juliette Marie Louise Lafargue)	609	1	2	female	22.0	1	2	41.5792	C
Shutes, Miss. Elizabeth W	610	1	1	female	40.0	0	0	153.4625	S
Andersson, Mrs. Anders Johan (Alfrida Konstantia Brogren)	611	0	3	female	39.0	1	5	31.275	S
Jardin, Mr. Jose Neto	612	0	3	male	29.69911764705882	0	0	7.05	S
Murphy, Miss. Margaret Jane	613	1	3	female	29.69911764705882	1	0	15.5	Q
Horgan, Mr. John	614	0	3	male	29.69911764705882	0	0	7.75	Q
Brocklebank, Mr. William Alfred	615	0	3	male	35.0	0	0	8.05	S
Herman, Miss. Alice	616	1	2	female	24.0	1	2	65.0	S
Danbom, Mr. Ernst Gilbert	617	0	3	male	34.0	1	1	14.4	S
Lobb, Mrs. William Arthur (Cordelia K Stanlick)	618	0	3	female	26.0	1	0	16.1	S
Becker, Miss. Marion Louise	619	1	2	female	4.0	2	1	39.0	S
Gavey, Mr. Lawrence	620	0	2	male	26.0	0	0	10.5	S
Yasbeck, Mr. Antoni	621	0	3	male	27.0	1	0	14.4542	C
Kimball, Mr. Edwin Nelson Jr	622	1	1	male	42.0	1	0	52.5542	S
Nakid, Mr. Sahid	623	1	3	male	20.0	1	1	15.7417	C
Hansen, Mr. Henry Damsgaard	624	0	3	male	21.0	0	0	7.8542	S
"Bowen, Mr. David John ""Dai"""	625	0	3	male	21.0	0	0	16.1	S
Sutton, Mr. Frederick	626	0	1	male	61.0	0	0	32.3208	S
Kirkland, Rev. Charles Leonard	627	0	2	male	57.0	0	0	12.35	Q
Longley, Miss. Gretchen Fiske	628	1	1	female	21.0	0	0	77.9583	S
Bostandyeff, Mr. Guentcho	629	0	3	male	26.0	0	0	7.8958	S
O'Connell, Mr. Patrick D	630	0	3	male	29.69911764705882	0	0	7.7333	Q
Barkworth, Mr. Algernon Henry Wilson	631	1	1	male	80.0	0	0	30.0	S
Lundahl, Mr. Johan Svensson	632	0	3	male	51.0	0	0	7.0542	S
Stahelin-Maeglin, Dr. Max	633	1	1	male	32.0	0	0	30.5	C
Parr, Mr. William Henry Marsh	634	0	1	male	29.69911764705882	0	0	0.0	S
Skoog, Miss. Mabel	635	0	3	female	9.0	3	2	27.9	S
Davis, Miss. Mary	636	1	2	female	28.0	0	0	13.0	S
Leinonen, Mr. Antti Gustaf	637	0	3	male	32.0	0	0	7.925	S
Collyer, Mr. Harvey	638	0	2	male	31.0	1	1	26.25	S
Panula, Mrs. Juha (Maria Emilia Ojala)	639	0	3	female	41.0	0	5	39.6875	S
Thorneycroft, Mr. Percival	640	0	3	male	29.69911764705882	1	0	16.1	S
Jensen, Mr. Hans Peder	641	0	3	male	20.0	0	0	7.8542	S
Sagesser, Mlle. Emma	642	1	1	female	24.0	0	0	69.3	C
Skoog, Miss. Margit Elizabeth	643	0	3	female	2.0	3	2	27.9	S
Foo, Mr. Choong	644	1	3	male	29.69911764705882	0	0	56.4958	S
Baclini, Miss. Eugenie	645	1	3	female	0.75	2	1	19.2583	C
Harper, Mr. Henry Sleeper	646	1	1	male	48.0	1	0	76.7292	C
Cor, Mr. Liudevit	647	0	3	male	19.0	0	0	7.8958	S
Simonius-Blumer, Col. Oberst Alfons	648	1	1	male	56.0	0	0	35.5	C
Willey, Mr. Edward	649	0	3	male	29.69911764705882	0	0	7.55	S
Stanley, Miss. Amy Zillah Elsie	650	1	3	female	23.0	0	0	7.55	S
Mitkoff, Mr. Mito	651	0	3	male	29.69911764705882	0	0	7.8958	S
Doling, Miss. Elsie	652	1	2	female	18.0	0	1	23.0	S
Kalvik, Mr. Johannes Halvorsen	653	0	3	male	21.0	0	0	8.4333	S
"O'Leary, Miss. Hanora ""Norah"""	654	1	3	female	29.69911764705882	0	0	7.8292	Q
"Hegarty, Miss. Hanora ""Nora"""	655	0	3	female	18.0	0	0	6.75	Q
Hickman, Mr. Leonard Mark	656	0	2	male	24.0	2	0	73.5	S
Radeff, Mr. Alexander	657	0	3	male	29.69911764705882	0	0	7.8958	S
Bourke, Mrs. John (Catherine)	658	0	3	female	32.0	1	1	15.5	Q
Eitemiller, Mr. George Floyd	659	0	2	male	23.0	0	0	13.0	S
Newell, Mr. Arthur Webster	660	0	1	male	58.0	0	2	113.275	C
Frauenthal, Dr. Henry William	661	1	1	male	50.0	2	0	133.65	S
Badt, Mr. Mohamed	662	0	3	male	40.0	0	0	7.225	C
Colley, Mr. Edward Pomeroy	663	0	1	male	47.0	0	0	25.5875	S
Coleff, Mr. Peju	664	0	3	male	36.0	0	0	7.4958	S
Lindqvist, Mr. Eino William	665	1	3	male	20.0	1	0	7.925	S
Hickman, Mr. Lewis	666	0	2	male	32.0	2	0	73.5	S
Butler, Mr. Reginald Fenton	667	0	2	male	25.0	0	0	13.0	S
Rommetvedt, Mr. Knud Paust	668	0	3	male	29.69911764705882	0	0	7.775	S
Cook, Mr. Jacob	669	0	3	male	43.0	0	0	8.05	S
Taylor, Mrs. Elmer Zebley (Juliet Cummins Wright)	670	1	1	female	29.69911764705882	1	0	52.0	S
Brown, Mrs. Thomas William Solomon (Elizabeth Catherine Ford)	671	1	2	female	40.0	1	1	39.0	S
Davidson, Mr. Thornton	672	0	1	male	31.0	1	0	52.0	S
Mitchell, Mr. Henry Michael	673	0	2	male	70.0	0	0	10.5	S
Wilhelms, Mr. Charles	674	1	2	male	31.0	0	0	13.0	S
Watson, Mr. Ennis Hastings	675	0	2	male	29.69911764705882	0	0	0.0	S
Edvardsson, Mr. Gustaf Hjalmar	676	0	3	male	18.0	0	0	7.775	S
Sawyer, Mr. Frederick Charles	677	0	3	male	24.5	0	0	8.05	S
Turja, Miss. Anna Sofia	678	1	3	female	18.0	0	0	9.8417	S
Goodwin, Mrs. Frederick (Augusta Tyler)	679	0	3	female	43.0	1	6	46.9	S
Cardeza, Mr. Thomas Drake Martinez	680	1	1	male	36.0	0	1	512.3292	C
Peters, Miss. Katie	681	0	3	female	29.69911764705882	0	0	8.1375	Q
Hassab, Mr. Hammad	682	1	1	male	27.0	0	0	76.7292	C
Olsvigen, Mr. Thor Anderson	683	0	3	male	20.0	0	0	9.225	S
Goodwin, Mr. Charles Edward	684	0	3	male	14.0	5	2	46.9	S
Brown, Mr. Thomas William Solomon	685	0	2	male	60.0	1	1	39.0	S
Laroche, Mr. Joseph Philippe Lemercier	686	0	2	male	25.0	1	2	41.5792	C
Panula, Mr. Jaako Arnold	687	0	3	male	14.0	4	1	39.6875	S
Dakic, Mr. Branko	688	0	3	male	19.0	0	0	10.1708	S
Fischer, Mr. Eberhard Thelander	689	0	3	male	18.0	0	0	7.7958	S
Madill, Miss. Georgette Alexandra	690	1	1	female	15.0	0	1	211.3375	S
Dick, Mr. Albert Adrian	691	1	1	male	31.0	1	0	57.0	S
Karun, Miss. Manca	692	1	3	female	4.0	0	1	13.4167	C
Lam, Mr. Ali	693	1	3	male	29.69911764705882	0	0	56.4958	S
Saad, Mr. Khalil	694	0	3	male	25.0	0	0	7.225	C
Weir, Col. John	695	0	1	male	60.0	0	0	26.55	S
Chapman, Mr. Charles Henry	696	0	2	male	52.0	0	0	13.5	S
Kelly, Mr. James	697	0	3	male	44.0	0	0	8.05	S
"Mullens, Miss. Katherine ""Katie"""	698	1	3	female	29.69911764705882	0	0	7.7333	Q
Thayer, Mr. John Borland	699	0	1	male	49.0	1	1	110.8833	C
Humblen, Mr. Adolf Mathias Nicolai Olsen	700	0	3	male	42.0	0	0	7.65	S
Astor, Mrs. John Jacob (Madeleine Talmadge Force)	701	1	1	female	18.0	1	0	227.525	C
Silverthorne, Mr. Spencer Victor	702	1	1	male	35.0	0	0	26.2875	S
Barbara, Miss. Saiide	703	0	3	female	18.0	0	1	14.4542	C
Gallagher, Mr. Martin	704	0	3	male	25.0	0	0	7.7417	Q
Hansen, Mr. Henrik Juul	705	0	3	male	26.0	1	0	7.8542	S
"Morley, Mr. Henry Samuel (""Mr Henry Marshall"")"	706	0	2	male	39.0	0	0	26.0	S
"Kelly, Mrs. Florence ""Fannie"""	707	1	2	female	45.0	0	0	13.5	S
Calderhead, Mr. Edward Pennington	708	1	1	male	42.0	0	0	26.2875	S
Cleaver, Miss. Alice	709	1	1	female	22.0	0	0	151.55	S
"Moubarek, Master. Halim Gonios (""William George"")"	710	1	3	male	29.69911764705882	1	1	15.2458	C
"Mayne, Mlle. Berthe Antonine (""Mrs de Villiers"")"	711	1	1	female	24.0	0	0	49.5042	C
Klaber, Mr. Herman	712	0	1	male	29.69911764705882	0	0	26.55	S
Taylor, Mr. Elmer Zebley	713	1	1	male	48.0	1	0	52.0	S
Larsson, Mr. August Viktor	714	0	3	male	29.0	0	0	9.4833	S
Greenberg, Mr. Samuel	715	0	2	male	52.0	0	0	13.0	S
Soholt, Mr. Peter Andreas Lauritz Andersen	716	0	3	male	19.0	0	0	7.65	S
Endres, Miss. Caroline Louise	717	1	1	female	38.0	0	0	227.525	C
"Troutt, Miss. Edwina Celia ""Winnie"""	718	1	2	female	27.0	0	0	10.5	S
McEvoy, Mr. Michael	719	0	3	male	29.69911764705882	0	0	15.5	Q
Johnson, Mr. Malkolm Joackim	720	0	3	male	33.0	0	0	7.775	S
"Harper, Miss. Annie Jessie ""Nina"""	721	1	2	female	6.0	0	1	33.0	S
Jensen, Mr. Svend Lauritz	722	0	3	male	17.0	1	0	7.0542	S
Gillespie, Mr. William Henry	723	0	2	male	34.0	0	0	13.0	S
Hodges, Mr. Henry Price	724	0	2	male	50.0	0	0	13.0	S
Chambers, Mr. Norman Campbell	725	1	1	male	27.0	1	0	53.1	S
Oreskovic, Mr. Luka	726	0	3	male	20.0	0	0	8.6625	S
Renouf, Mrs. Peter Henry (Lillian Jefferys)	727	1	2	female	30.0	3	0	21.0	S
Mannion, Miss. Margareth	728	1	3	female	29.69911764705882	0	0	7.7375	Q
Bryhl, Mr. Kurt Arnold Gottfrid	729	0	2	male	25.0	1	0	26.0	S
Ilmakangas, Miss. Pieta Sofia	730	0	3	female	25.0	1	0	7.925	S
Allen, Miss. Elisabeth Walton	731	1	1	female	29.0	0	0	211.3375	S
Hassan, Mr. Houssein G N	732	0	3	male	11.0	0	0	18.7875	C
Knight, Mr. Robert J	733	0	2	male	29.69911764705882	0	0	0.0	S
Berriman, Mr. William John	734	0	2	male	23.0	0	0	13.0	S
Troupiansky, Mr. Moses Aaron	735	0	2	male	23.0	0	0	13.0	S
Williams, Mr. Leslie	736	0	3	male	28.5	0	0	16.1	S
Ford, Mrs. Edward (Margaret Ann Watson)	737	0	3	female	48.0	1	3	34.375	S
Lesurer, Mr. Gustave J	738	1	1	male	35.0	0	0	512.3292	C
Ivanoff, Mr. Kanio	739	0	3	male	29.69911764705882	0	0	7.8958	S
Nankoff, Mr. Minko	740	0	3	male	29.69911764705882	0	0	7.8958	S
Hawksford, Mr. Walter James	741	1	1	male	29.69911764705882	0	0	30.0	S
Cavendish, Mr. Tyrell William	742	0	1	male	36.0	1	0	78.85	S
"Ryerson, Miss. Susan Parker ""Suzette"""	743	1	1	female	21.0	2	2	262.375	C
McNamee, Mr. Neal	744	0	3	male	24.0	1	0	16.1	S
Stranden, Mr. Juho	745	1	3	male	31.0	0	0	7.925	S
Crosby, Capt. Edward Gifford	746	0	1	male	70.0	1	1	71.0	S
Abbott, Mr. Rossmore Edward	747	0	3	male	16.0	1	1	20.25	S
Sinkkonen, Miss. Anna	748	1	2	female	30.0	0	0	13.0	S
Marvin, Mr. Daniel Warner	749	0	1	male	19.0	1	0	53.1	S
Connaghton, Mr. Michael	750	0	3	male	31.0	0	0	7.75	Q
Wells, Miss. Joan	751	1	2	female	4.0	1	1	23.0	S
Moor, Master. Meier	752	1	3	male	6.0	0	1	12.475	S
Vande Velde, Mr. Johannes Joseph	753	0	3	male	33.0	0	0	9.5	S
Jonkoff, Mr. Lalio	754	0	3	male	23.0	0	0	7.8958	S
Herman, Mrs. Samuel (Jane Laver)	755	1	2	female	48.0	1	2	65.0	S
Hamalainen, Master. Viljo	756	1	2	male	0.67	1	1	14.5	S
Carlsson, Mr. August Sigfrid	757	0	3	male	28.0	0	0	7.7958	S
Bailey, Mr. Percy Andrew	758	0	2	male	18.0	0	0	11.5	S
Theobald, Mr. Thomas Leonard	759	0	3	male	34.0	0	0	8.05	S
Rothes, the Countess. of (Lucy Noel Martha Dyer-Edwards)	760	1	1	female	33.0	0	0	86.5	S
Garfirth, Mr. John	761	0	3	male	29.69911764705882	0	0	14.5	S
Nirva, Mr. Iisakki Antino Aijo	762	0	3	male	41.0	0	0	7.125	S
Barah, Mr. Hanna Assi	763	1	3	male	20.0	0	0	7.2292	C
Carter, Mrs. William Ernest (Lucile Polk)	764	1	1	female	36.0	1	2	120.0	S
Eklund, Mr. Hans Linus	765	0	3	male	16.0	0	0	7.775	S
Hogeboom, Mrs. John C (Anna Andrews)	766	1	1	female	51.0	1	0	77.9583	S
Brewe, Dr. Arthur Jackson	767	0	1	male	29.69911764705882	0	0	39.6	C
Mangan, Miss. Mary	768	0	3	female	30.5	0	0	7.75	Q
Moran, Mr. Daniel J	769	0	3	male	29.69911764705882	1	0	24.15	Q
Gronnestad, Mr. Daniel Danielsen	770	0	3	male	32.0	0	0	8.3625	S
Lievens, Mr. Rene Aime	771	0	3	male	24.0	0	0	9.5	S
Jensen, Mr. Niels Peder	772	0	3	male	48.0	0	0	7.8542	S
Mack, Mrs. (Mary)	773	0	2	female	57.0	0	0	10.5	S
Elias, Mr. Dibo	774	0	3	male	29.69911764705882	0	0	7.225	C
Hocking, Mrs. Elizabeth (Eliza Needs)	775	1	2	female	54.0	1	3	23.0	S
Myhrman, Mr. Pehr Fabian Oliver Malkolm	776	0	3	male	18.0	0	0	7.75	S
Tobin, Mr. Roger	777	0	3	male	29.69911764705882	0	0	7.75	Q
Emanuel, Miss. Virginia Ethel	778	1	3	female	5.0	0	0	12.475	S
Kilgannon, Mr. Thomas J	779	0	3	male	29.69911764705882	0	0	7.7375	Q
Robert, Mrs. Edward Scott (Elisabeth Walton McMillan)	780	1	1	female	43.0	0	1	211.3375	S
Ayoub, Miss. Banoura	781	1	3	female	13.0	0	0	7.2292	C
Dick, Mrs. Albert Adrian (Vera Gillespie)	782	1	1	female	17.0	1	0	57.0	S
Long, Mr. Milton Clyde	783	0	1	male	29.0	0	0	30.0	S
Johnston, Mr. Andrew G	784	0	3	male	29.69911764705882	1	2	23.45	S
Ali, Mr. William	785	0	3	male	25.0	0	0	7.05	S
Harmer, Mr. Abraham (David Lishin)	786	0	3	male	25.0	0	0	7.25	S
Sjoblom, Miss. Anna Sofia	787	1	3	female	18.0	0	0	7.4958	S
Rice, Master. George Hugh	788	0	3	male	8.0	4	1	29.125	Q
Dean, Master. Bertram Vere	789	1	3	male	1.0	1	2	20.575	S
Guggenheim, Mr. Benjamin	790	0	1	male	46.0	0	0	79.2	C
"Keane, Mr. Andrew ""Andy"""	791	0	3	male	29.69911764705882	0	0	7.75	Q
Gaskell, Mr. Alfred	792	0	2	male	16.0	0	0	26.0	S
Sage, Miss. Stella Anna	793	0	3	female	29.69911764705882	8	2	69.55	S
Hoyt, Mr. William Fisher	794	0	1	male	29.69911764705882	0	0	30.6958	C
Dantcheff, Mr. Ristiu	795	0	3	male	25.0	0	0	7.8958	S
Otter, Mr. Richard	796	0	2	male	39.0	0	0	13.0	S
Leader, Dr. Alice (Farnham)	797	1	1	female	49.0	0	0	25.9292	S
Osman, Mrs. Mara	798	1	3	female	31.0	0	0	8.6833	S
Ibrahim Shawah, Mr. Yousseff	799	0	3	male	30.0	0	0	7.2292	C
Van Impe, Mrs. Jean Baptiste (Rosalie Paula Govaert)	800	0	3	female	30.0	1	1	24.15	S
Ponesell, Mr. Martin	801	0	2	male	34.0	0	0	13.0	S
Collyer, Mrs. Harvey (Charlotte Annie Tate)	802	1	2	female	31.0	1	1	26.25	S
Carter, Master. William Thornton II	803	1	1	male	11.0	1	2	120.0	S
Thomas, Master. Assad Alexander	804	1	3	male	0.42	0	1	8.5167	C
Hedman, Mr. Oskar Arvid	805	1	3	male	27.0	0	0	6.975	S
Johansson, Mr. Karl Johan	806	0	3	male	31.0	0	0	7.775	S
Andrews, Mr. Thomas Jr	807	0	1	male	39.0	0	0	0.0	S
Pettersson, Miss. Ellen Natalia	808	0	3	female	18.0	0	0	7.775	S
Meyer, Mr. August	809	0	2	male	39.0	0	0	13.0	S
Chambers, Mrs. Norman Campbell (Bertha Griggs)	810	1	1	female	33.0	1	0	53.1	S
Alexander, Mr. William	811	0	3	male	26.0	0	0	7.8875	S
Lester, Mr. James	812	0	3	male	39.0	0	0	24.15	S
Slemen, Mr. Richard James	813	0	2	male	35.0	0	0	10.5	S
Andersson, Miss. Ebba Iris Alfrida	814	0	3	female	6.0	4	2	31.275	S
Tomlin, Mr. Ernest Portage	815	0	3	male	30.5	0	0	8.05	S
Fry, Mr. Richard	816	0	1	male	29.69911764705882	0	0	0.0	S
Heininen, Miss. Wendla Maria	817	0	3	female	23.0	0	0	7.925	S
Mallet, Mr. Albert	818	0	2	male	31.0	1	1	37.0042	C
Holm, Mr. John Fredrik Alexander	819	0	3	male	43.0	0	0	6.45	S
Skoog, Master. Karl Thorsten	820	0	3	male	10.0	3	2	27.9	S
Hays, Mrs. Charles Melville (Clara Jennings Gregg)	821	1	1	female	52.0	1	1	93.5	S
Lulic, Mr. Nikola	822	1	3	male	27.0	0	0	8.6625	S
Reuchlin, Jonkheer. John George	823	0	1	male	38.0	0	0	0.0	S
Moor, Mrs. (Beila)	824	1	3	female	27.0	0	1	12.475	S
Panula, Master. Urho Abraham	825	0	3	male	2.0	4	1	39.6875	S
Flynn, Mr. John	826	0	3	male	29.69911764705882	0	0	6.95	Q
Lam, Mr. Len	827	0	3	male	29.69911764705882	0	0	56.4958	S
Mallet, Master. Andre	828	1	2	male	1.0	0	2	37.0042	C
McCormack, Mr. Thomas Joseph	829	1	3	male	29.69911764705882	0	0	7.75	Q
Stone, Mrs. George Nelson (Martha Evelyn)	830	1	1	female	62.0	0	0	80.0	S
Yasbeck, Mrs. Antoni (Selini Alexander)	831	1	3	female	15.0	1	0	14.4542	C
Richards, Master. George Sibley	832	1	2	male	0.83	1	1	18.75	S
Saad, Mr. Amin	833	0	3	male	29.69911764705882	0	0	7.2292	C
Augustsson, Mr. Albert	834	0	3	male	23.0	0	0	7.8542	S
Allum, Mr. Owen George	835	0	3	male	18.0	0	0	8.3	S
Compton, Miss. Sara Rebecca	836	1	1	female	39.0	1	1	83.1583	C
Pasic, Mr. Jakob	837	0	3	male	21.0	0	0	8.6625	S
Sirota, Mr. Maurice	838	0	3	male	29.69911764705882	0	0	8.05	S
Chip, Mr. Chang	839	1	3	male	32.0	0	0	56.4958	S
Marechal, Mr. Pierre	840	1	1	male	29.69911764705882	0	0	29.7	C
Alhomaki, Mr. Ilmari Rudolf	841	0	3	male	20.0	0	0	7.925	S
Mudd, Mr. Thomas Charles	842	0	2	male	16.0	0	0	10.5	S
Serepeca, Miss. Augusta	843	1	1	female	30.0	0	0	31.0	C
Lemberopolous, Mr. Peter L	844	0	3	male	34.5	0	0	6.4375	C
Culumovic, Mr. Jeso	845	0	3	male	17.0	0	0	8.6625	S
Abbing, Mr. Anthony	846	0	3	male	42.0	0	0	7.55	S
Sage, Mr. Douglas Bullen	847	0	3	male	29.69911764705882	8	2	69.55	S
Markoff, Mr. Marin	848	0	3	male	35.0	0	0	7.8958	C
Harper, Rev. John	849	0	2	male	28.0	0	1	33.0	S
Goldenberg, Mrs. Samuel L (Edwiga Grabowska)	850	1	1	female	29.69911764705882	1	0	89.1042	C
Andersson, Master. Sigvard Harald Elias	851	0	3	male	4.0	4	2	31.275	S
Svensson, Mr. Johan	852	0	3	male	74.0	0	0	7.775	S
Boulos, Miss. Nourelain	853	0	3	female	9.0	1	1	15.2458	C
Lines, Miss. Mary Conover	854	1	1	female	16.0	0	1	39.4	S
Carter, Mrs. Ernest Courtenay (Lilian Hughes)	855	0	2	female	44.0	1	0	26.0	S
Aks, Mrs. Sam (Leah Rosen)	856	1	3	female	18.0	0	1	9.35	S
Wick, Mrs. George Dennick (Mary Hitchcock)	857	1	1	female	45.0	1	1	164.8667	S
Daly, Mr. Peter Denis 	858	1	1	male	51.0	0	0	26.55	S
Baclini, Mrs. Solomon (Latifa Qurban)	859	1	3	female	24.0	0	3	19.2583	C
Razi, Mr. Raihed	860	0	3	male	29.69911764705882	0	0	7.2292	C
Hansen, Mr. Claus Peter	861	0	3	male	41.0	2	0	14.1083	S
Giles, Mr. Frederick Edward	862	0	2	male	21.0	1	0	11.5	S
Swift, Mrs. Frederick Joel (Margaret Welles Barron)	863	1	1	female	48.0	0	0	25.9292	S
"Sage, Miss. Dorothy Edith ""Dolly"""	864	0	3	female	29.69911764705882	8	2	69.55	S
Gill, Mr. John William	865	0	2	male	24.0	0	0	13.0	S
Bystrom, Mrs. (Karolina)	866	1	2	female	42.0	0	0	13.0	S
Duran y More, Miss. Asuncion	867	1	2	female	27.0	1	0	13.8583	C
Roebling, Mr. Washington Augustus II	868	0	1	male	31.0	0	0	50.4958	S
van Melkebeke, Mr. Philemon	869	0	3	male	29.69911764705882	0	0	9.5	S
Johnson, Master. Harold Theodor	870	1	3	male	4.0	1	1	11.1333	S
Balkic, Mr. Cerin	871	0	3	male	26.0	0	0	7.8958	S
Beckwith, Mrs. Richard Leonard (Sallie Monypeny)	872	1	1	female	47.0	1	1	52.5542	S
Carlsson, Mr. Frans Olof	873	0	1	male	33.0	0	0	5.0	S
Vander Cruyssen, Mr. Victor	874	0	3	male	47.0	0	0	9.0	S
Abelson, Mrs. Samuel (Hannah Wizosky)	875	1	2	female	28.0	1	0	24.0	C
"Najib, Miss. Adele Kiamie ""Jane"""	876	1	3	female	15.0	0	0	7.225	C
Gustafsson, Mr. Alfred Ossian	877	0	3	male	20.0	0	0	9.8458	S
Petroff, Mr. Nedelio	878	0	3	male	19.0	0	0	7.8958	S
Laleff, Mr. Kristo	879	0	3	male	29.69911764705882	0	0	7.8958	S
Potter, Mrs. Thomas Jr (Lily Alexenia Wilson)	880	1	1	female	56.0	0	1	83.1583	C
Shelley, Mrs. William (Imanita Parrish Hall)	881	1	2	female	25.0	0	1	26.0	S
Markun, Mr. Johann	882	0	3	male	33.0	0	0	7.8958	S
Dahlberg, Miss. Gerda Ulrika	883	0	3	female	22.0	0	0	10.5167	S
Banfield, Mr. Frederick James	884	0	2	male	28.0	0	0	10.5	S
Sutehall, Mr. Henry Jr	885	0	3	male	25.0	0	0	7.05	S
Rice, Mrs. William (Margaret Norton)	886	0	3	female	39.0	0	5	29.125	Q
Montvila, Rev. Juozas	887	0	2	male	27.0	0	0	13.0	S
Graham, Miss. Margaret Edith	888	1	1	female	19.0	0	0	30.0	S
"Johnston, Miss. Catherine Helen ""Carrie"""	889	0	3	female	29.69911764705882	1	2	23.45	S
Behr, Mr. Karl Howell	890	1	1	male	26.0	0	0	30.0	C
Dooley, Mr. Patrick	891	0	3	male	32.0	0	0	7.75	Q
